'nautzid','name','currentname','REPLACE(`type`,\'hg:\',\'\')','bagid','remarks','geometry'
'254','Boeren steeg','Melkboersteeg','Street','392300000009168',,
'256','De Korte Dijk',,'Street',,'Huidige Korte Dijk en stuk Houtmarkt','{"type":"MultiLineString","coordinates":[[[4.6452565827341,52.381042128721],[4.6453776471872,52.381107500532],[4.6455080242905,52.38130929986],[4.6455639001919,52.381539520502],[4.6455778691673,52.381826584065],[4.6454568047142,52.382011326955],[4.6453217712858,52.382139225426],[4.6450191101531,52.382346704381]]]}'
'B','Kennemer Poort',,'Building',,,'{"type":"MultiPolygon","coordinates":[[[[4.6395629709609,52.389518496388],[4.639759736256,52.389604156161],[4.6398108952328,52.389562527133],[4.639612818169,52.389475266159],[4.6395629709609,52.389518496388]]],[[[4.6396482359221,52.389444844861],[4.6398502482918,52.389531305336],[4.6398935366567,52.3894904768],[4.6396941478243,52.389403215684],[4.6396482359221,52.389444844861]]]]}'
'g2','Kleine Hout Poort',,'Building',,,'{"type":"MultiPolygon","coordinates":[[[[4.6350412924962,52.376082286178],[4.6350731516471,52.376081956184],[4.6350751570251,52.376111337812],[4.6351238266497,52.376110869303],[4.6351232860985,52.376079507714],[4.6351013837665,52.376079507714],[4.6351012269399,52.376058695715],[4.6351232860985,52.376058695715],[4.6351232860985,52.376028089817],[4.6351003026642,52.376028558327],[4.6350992215618,52.376017071688],[4.6351252914766,52.376016603178],[4.6351252914766,52.37599625966],[4.6350722273713,52.375998325178],[4.6350732217185,52.376053660257],[4.6350410655982,52.376055023009],[4.6350412924962,52.376082286178]]],[[[4.6351962738516,52.376081267679],[4.6351968144027,52.376107667146],[4.6353297899875,52.376105687187],[4.6353287088852,52.376067077959],[4.6352487073139,52.376068397933],[4.6352476262115,52.376001079202],[4.6352060037724,52.376000749208],[4.6352065443236,52.376024838766],[4.6351860033796,52.37602516876],[4.6351860033796,52.37605156826],[4.6352124903863,52.37605156826],[4.635211409284,52.376081927666],[4.6351962738516,52.376081267679]]]]}'
'i2','De Eendjes of Leydsche Water poort',,'Building',,,'{"type":"MultiPolygon","coordinates":[[[[4.639253696248,52.376858337282],[4.6392365152562,52.376901456223],[4.6393243292142,52.376918936862],[4.6393453282042,52.376909613855],[4.639362509196,52.376906117727],[4.6393873261841,52.376904952351],[4.6394025981768,52.376885140953],[4.639253696248,52.376858337282]]],[[[4.6394267073925,52.376914679348],[4.6395566970576,52.376946620591],[4.6395918514953,52.376891222482],[4.639483935547,52.376867266522],[4.6394667671006,52.376894216976],[4.6394520512895,52.376892220647],[4.6394430582938,52.376895714223],[4.6394365179333,52.376895215141],[4.6394267073925,52.376914679348]]]]}'
'f','De Groote Hout brug',,'Building',,,'{"type":"MultiPolygon","coordinates":[[[[4.6309077759345,52.376251504086],[4.6310243596707,52.376242407004],[4.6310208533929,52.37622528308],[4.6310383847818,52.376222607466],[4.631034878504,52.376208159149],[4.6310138408373,52.37620655378],[4.631011211129,52.376189964965],[4.6310226065318,52.376186219102],[4.6310226065318,52.376173376143],[4.6310068282818,52.376173911267],[4.631003322004,52.376157322439],[4.6308867382679,52.376165884415],[4.6309068993651,52.376253109453],[4.6309077759345,52.376251504086]]],[[[4.6311821421707,52.376207088903],[4.631184771879,52.376219396729],[4.6312093158235,52.376220466975],[4.6312136986707,52.376237590901],[4.6313153807263,52.376230099184],[4.6312943430596,52.376141268729],[4.6311891547263,52.376148760461],[4.6311917844346,52.376167489786],[4.6311724999068,52.376170700526],[4.6311742530457,52.376183008363],[4.6311952907124,52.376184613733],[4.631200550129,52.376205483534],[4.6311821421707,52.376207088903]]]]}'
'r2','De Schalkwijker Poort',,'Building',,,'{"type":"MultiPolygon","coordinates":[[[[4.6417989030608,52.37678878612],[4.6418310636715,52.37681730065],[4.6418946191641,52.376792993183],[4.6418877276047,52.376782241798],[4.6419382657073,52.376760739022],[4.6419413286226,52.376752324889],[4.6419229511307,52.376737366427],[4.6417989030608,52.37678878612]]],[[[4.6417912457725,52.376752324889],[4.6418601613669,52.376724277769],[4.6418295322139,52.376695295725],[4.6417606166194,52.376724745221],[4.6417912457725,52.376752324889]]]]}'
'P','Het Zijl Hek',,'Building',,,'{"type":"MultiPolygon","coordinates":[[[[4.6297161783223,52.383235131628],[4.6297781915197,52.383305897283],[4.6299467056428,52.383244183055],[4.6298792999935,52.383175885876],[4.6297161783223,52.383235131628]]],[[[4.6298577301858,52.383379131387],[4.6299197433831,52.383444136839],[4.6300815169413,52.383384068514],[4.6300235480829,52.38332153154],[4.6298577301858,52.383379131387]]]]}'
'1','Het Zieke','Kennemerstraat','Street','392300000007600',,
'2','Postweg naar Alkmaar','Schoterweg','Street','392300000011990',,
'3','Laan naar ’t Vrouwen of Friesche hek','Friese Varkenmarkt','Street','392300000005540',,
'4','Het Rozenlaantje','Parkstraat','Street','392300000010270',,
'5','De Baljuw’s Laan','Baljuwslaan','Street','392300000002780',,
'6','De Lange Ruiters straat of Zak steeg',,'Street',,,'{"type":"MultiLineString","coordinates":[[[4.6370318062706,52.387949652866],[4.6401558735774,52.387647558428]]]}'
'7','De lange Rozen straat',,'Street',,,'{"type":"MultiLineString","coordinates":[[[4.6369263182836,52.387578224987],[4.6399448976035,52.387300890133]]]}'
'8','De lange Molen steeg',,'Street',,,'{"type":"MultiLineString","coordinates":[[[4.6368127158361,52.387196889113],[4.63974203609,52.386884884585]]]}'
'9','De lange Heeren straat','Lange Herenstraat','Street','392300000006610',,
'10','De korte Heeren straat','Korte Herenstraat','Street','392300000006600',,
'11','De Reekhuizen of Kraayehorste str.',,'Street',,,'{"type":"MultiLineString","coordinates":[[[4.6347333853234,52.388000414433],[4.6350255059027,52.389134486913]]]}'
'12','De korte Rozen straat','Rozenstraat','Street','392300000011470',,
'13','De Rozen steeg',,'Street',,,'{"type":"MultiLineString","coordinates":[[[4.6362021026806,52.387663653676],[4.6348307588498,52.388010319122]]]}'
'14','De Groenendaal steeg',,'Street',,,'{"type":"MultiLineString","coordinates":[[[4.6351066505081,52.388946302229],[4.6351877951135,52.388995824592],[4.6352689397189,52.389020585753],[4.6353987710875,52.389040394671],[4.6355204879955,52.389035442442],[4.6370460065765,52.388703641848]]]}'
'15','De Punt vest',,'Street',,,'{"type":"MultiLineString","coordinates":[[[4.6351228794292,52.389149343564],[4.6358694097986,52.389223626746],[4.637159609024,52.389065155807]]]}'
'16','De Rolhuizen',,'Street',,,'{"type":"MultiLineString","coordinates":[[[4.6326613400211,52.385501696252],[4.6340570272335,52.385397690994]]]}'
'17','De Zij huizen',,'Street',,,'{"type":"MultiLineString","coordinates":[[[4.6343978345761,52.385358069878],[4.6345682382474,52.385977145741]]]}'
'18','Tusschen de Kruisbruggen',,'Street',,,'{"type":"MultiLineString","coordinates":[[[4.6361290725358,52.385149548546],[4.6362994762071,52.385803295487]]]}'
'19','Tusschen de Jansbruggen',,'Street',,,'{"type":"MultiLineString","coordinates":[[[4.6387086355741,52.384945600255],[4.6390575573772,52.385574587137]]]}'
'20','De Vriessche Varkenmarkt of Hooimarkt','Hooimarkt','Street','392300000006930',,
'21','De Vest',,'Street',,,'{"type":"MultiLineString","coordinates":[[[4.6301494519865,52.383306633514],[4.631228675238,52.38432196055]]]}'
'22','De Magdalena straat','Magdalenastraat','Street','392300000008910',,
'23','De Witte Heerensteeg','Witte Herenstraat','Street','392300000006620',,
'24','De lage Zijlstraat',,'Street',,,'{"type":"MultiLineString","coordinates":[[[4.630141337526,52.383274561136],[4.6306687774609,52.3829278585],[4.6311962173959,52.382690117975],[4.6313098198434,52.382670306207],[4.6320725791339,52.382526670622]]]}'
'25','Poort',,'Street',,,'{"type":"MultiLineString","coordinates":[[[4.631733104262,52.383477897057],[4.6319644380502,52.383437023343]]]}'
'26','Poort',,'Street',,,'{"type":"MultiLineString","coordinates":[[[4.6325975621022,52.383598660083],[4.6323510089858,52.383661828304]]]}'
'27','De Fransche poort',,'Street',,,'{"type":"MultiLineString","coordinates":[[[4.6323570967171,52.383362707402],[4.6321866402415,52.3833775706]]]}'
'28','Poort',,'Street',,,'{"type":"MultiLineString","coordinates":[[[4.6322475175542,52.383245659541],[4.6319522625877,52.383275386011]]]}'
'29','Poort',,'Street',,,'{"type":"MultiLineString","coordinates":[[[4.6321592454508,52.383136043008],[4.6319553064533,52.383152764192]]]}'
'30','De Vogel koop steeg','Vogelkopsteeg','Street','0392300000013680',,
'31','Poort',,'Street',,,'{"type":"MultiLineString","coordinates":[[[4.6326496350232,52.384315303725],[4.6329053197366,52.384276288647]]]}'
'32','De Kinderhuis straat',,'Street',,,'{"type":"MultiLineString","coordinates":[[[4.6323665555192,52.384127659465],[4.6329814163774,52.384638570183]]]}'
'33','De Kinderhuis vest',,'Street',,,'{"type":"MultiLineString","coordinates":[[[4.6329296706616,52.384647859414],[4.6336936809359,52.384536388512]]]}'
'34','De Servet poort',,'Street',,,'{"type":"MultiLineString","coordinates":[[[4.6332584081502,52.384162958941],[4.6331214341966,52.384190826929]]]}'
'35','De Slagers poort','Slagerspoort','Street','392300000012160',,
'36','De Verwers poort',,'Street',,,'{"type":"MultiLineString","coordinates":[[[4.6328684661437,52.383411012778],[4.6330632735443,52.383316259875],[4.6331758965728,52.383392433793]]]}'
'37','De St. Ursula steeg','Ursulastraat','Street','392300000013390',,
'38','De Zoetemelks, Wittebrood of Heerntating S.','Zoetestraat','Street','392300000014520',,
'39','De grote Krocht of nieuwe Groenmarkt','Nieuwe Groenmarkt','Street','392300000006140',,
'40','De Krom Elleboog steeg','Kromme Elleboogsteeg','Street','392300000005130',,
'41','De Peper straat',,'Street',,,'{"type":"MultiLineString","coordinates":[[[4.6340293985891,52.382032900172],[4.6343216096901,52.382449080367]]]}'
'42','De hooge Zijlstraat',,'Street',,,'{"type":"MultiLineString","coordinates":[[[4.6321848160145,52.382471375623],[4.6330370983922,52.382263286122],[4.6334875905062,52.382166672805],[4.6345894698659,52.381787649292],[4.6351678043365,52.381639011731]]]}'
'43','De kleine Krocht','Krocht','Street','392300000008100',,
'44','De lange Margaretha straat','Lange Margarethastraat','Street','392300000008970',,
'45','De Graaf Mijnders steeg',,'Street',,,'{"type":"MultiLineString","coordinates":[[[4.6347612450787,52.383968415094],[4.6353730620713,52.383934973338],[4.6353730620713,52.383895957925],[4.6357109311568,52.383882952779]]]}'
'46','Het Waaigat',,'Street',,,'{"type":"MultiLineString","coordinates":[[[4.63515085988,52.384395724185],[4.6352513074459,52.384365998469],[4.6357748523351,52.384111471207]]]}'
'47','De Zwane poort',,'Street',,,'{"type":"MultiLineString","coordinates":[[[4.633518658662,52.383931653966],[4.634310063727,52.38363625067]]]}'
'48','De korte Margaretha straat','Korte Margarethastraat','Street','392300000008960',,
'49','De Fransche poort',,'Street',,,'{"type":"MultiLineString","coordinates":[[[4.6346357573499,52.3839595221],[4.6343709410397,52.384063562976]]]}'
'50','De Roode poort',,'Street',,,'{"type":"MultiLineString","coordinates":[[[4.6342613618768,52.38358608765],[4.6341213440576,52.383634392781],[4.6341030808638,52.383612098112],[4.6339630630446,52.383652971664],[4.633993501701,52.383684555747]]]}'
'51','Waagt over de gewezen Osse markt (nu Garnis. stalling)',,'Street',,,'{"type":"MultiLineString","coordinates":[[[4.6341883091016,52.384502018261],[4.6351532145078,52.384392404848]]]}'
'52','De Ridder straat','Ridderstraat','Street','392300000011140',,
'53','De korte Wijngaard straat','Korte Wijngaardstraat','Street','392300000014370',,
'54','De Nieuwe Kruis straat','Nieuwe Kruisstraat','Street','392300000008160',,
'55','De St. Pieters straat','Pieterstraat','Street','392300000010490',,'{"type":"MultiLineString","coordinates":[[[4.636355559836,52.383717526509],[4.6363151995941,52.383416112768],[4.6371746353348,52.383327717002]]]}'
'56','De Cecilia steeg','Ceciliasteeg','Street','392300000004040',,
'57','De Smede straat','Smedestraat','Street','392300000012250',,
'58','De Lange Wijngaard straat','Lange Wijngaardstraat','Street','392300000014380',,
'59','De Morinne steeg','Morinnesteeg','Street','392300000009390',,
'60','De Schoot steeg',,'Street',,,'{"type":"MultiLineString","coordinates":[[[4.6373545443466,52.382158427054],[4.6375159853144,52.382061333847],[4.6377723915576,52.382020757518]]]}'
'61','De Noorder School straat','Noorder Schoolsteeg','Street','392300000011870',,
'62','De Zuider School straat','Zuider Schoolsteeg','Street','392300000011880',,
'A','Het Leprosen Pest en Dolhuis',,'Building','0392100000049249','complex bestaat uit meerdere BAGnummers',
'C','Het Hofje van Staats',,'Building','0392100000066002',,
'D','Het Hofje van Nicolaas van Beerensteijn',,'Building',,,'{"type":"MultiPolygon","coordinates":[[[[4.638905134086,52.386457556871],[4.6389410554045,52.386590927335],[4.6390368455874,52.386581792385],[4.6390158914849,52.386511453203],[4.6391101849462,52.386503231733],[4.6391326357703,52.386578138404],[4.6392014849642,52.386572657432],[4.6391685570889,52.386432892426],[4.638905134086,52.386457556871]]]]}'
'E','Het Hofje van Noblet',,'Building','0392100000036708',,
'F','Stalling voor het Garnisoen',,'Building',,,'{"type":"MultiPolygon","coordinates":[[[[4.634272293823,52.384680013181],[4.6343744678974,52.384956646679],[4.6350320497604,52.384900680505],[4.6349979917356,52.384804738326],[4.6345133198445,52.384839917149],[4.6344530633392,52.384664022753],[4.634272293823,52.384680013181]]],[[[4.6342356159502,52.384564881966],[4.634269673975,52.38465762658],[4.6347333870816,52.38460006098],[4.6347464863219,52.384648032318],[4.6348460405482,52.384635239967],[4.6348146023714,52.384492924804],[4.6342356159502,52.384564881966]]]]}'
'G','Nieuwe Stalling voor het Garnisoen',,'Building',,,'{"type":"MultiPolygon","coordinates":[[[[4.6327475422521,52.38507497493],[4.6327737407327,52.385156525296],[4.6338321593489,52.385047791441],[4.6337692829955,52.384798342173],[4.6329073529838,52.38487989305],[4.6329309316163,52.384959844744],[4.6336278112003,52.384905477608],[4.6336513898328,52.384980632161],[4.6327475422521,52.38507497493]]]]}'
'H','Het Nederduits Gereform. Diakonie en Aalm. Armenhuis',,'Building',,,'{"type":"MultiPolygon","coordinates":[[[[4.6313616426284,52.384481731457],[4.63152145336,52.384633640922],[4.6316262472824,52.384596862889],[4.631649825915,52.384614452387],[4.6316236274344,52.384622447611],[4.6316314869786,52.384638438055],[4.6318882320884,52.384550490543],[4.6319720672264,52.384627244745],[4.6321475970464,52.384643235187],[4.6321449771983,52.38466242371],[4.6322838291455,52.384670418925],[4.6322890688416,52.384656027536],[4.6324462597252,52.384654428493],[4.6324541192694,52.384672017968],[4.6326244093933,52.384660824666],[4.6326217895452,52.384640037099],[4.6328759148071,52.384619249522],[4.6328759148071,52.384595263844],[4.6323100276261,52.384141132546],[4.631343303692,52.3843394158],[4.6314035601973,52.384387387421],[4.6316629251553,52.384353807292],[4.6318096366466,52.384492924804],[4.6316105281941,52.384566481013],[4.6314716762469,52.384438557093],[4.6313616426284,52.384481731457]],[[4.6319065710249,52.384341014855],[4.6321790352231,52.384291444127],[4.6321790352231,52.384278651672],[4.6322052337037,52.384272255443],[4.6322052337037,52.384256264867],[4.6322471512727,52.384248269576],[4.6322576306649,52.384221085578],[4.6326951452909,52.384572877199],[4.6325798719763,52.384593664798],[4.632176415375,52.384580872431],[4.6319065710249,52.384341014855]]]]}'
'I','Het Luthersche Hofje',,'Building','rm/19833',,'{"type":"MultiPolygon","coordinates":[[[[4.6332521535066,52.380320914636],[4.6332990572927,52.380363860935],[4.6335042613567,52.380345966649],[4.6335453021695,52.380435438008],[4.6336244523085,52.380419333177],[4.6335775485224,52.380317335776],[4.6336479042015,52.380290494315],[4.6336244523085,52.380254705676],[4.6334690835172,52.380311967485],[4.6334192482445,52.380279757727],[4.6332521535066,52.380320914636]]]]}'
'K','De Lutherse Kerk',,'Building','rm/19834',,
'L','Het Frans Loenen Hofje',,'Building','rm/19835',,
'M','Het Comans Hofje',,'Building',,,'{"type":"MultiPolygon","coordinates":[[[[4.631096920929,52.383251902189],[4.6311283591057,52.383301474085],[4.6313379469505,52.383261496754],[4.631314368318,52.38321352391],[4.631096920929,52.383251902189]]],[[[4.6312095743956,52.383453387611],[4.6312383927243,52.383501360195],[4.6314689393535,52.383458184872],[4.6314532202652,52.383423004947],[4.6312593515087,52.383459783958],[4.6312514919646,52.383445392175],[4.6312095743956,52.383453387611]]]]}'
'N','De Manege voor het Garnisoen',,'Building',,,'{"type":"MultiPolygon","coordinates":[[[[4.632260250513,52.383794134709],[4.6324462597252,52.384064377499],[4.63265584757,52.384025999926],[4.6324514994213,52.383750959673],[4.632260250513,52.383794134709]]]]}'
'O','De Infirmerie voor het Garnizoen',,'Building',,,'{"type":"MultiPolygon","coordinates":[[[[4.6325379544073,52.383782941185],[4.6325851116724,52.383835710631],[4.6327973193653,52.38378134211],[4.6327134842273,52.383699789204],[4.6325405742554,52.383734968907],[4.632566772736,52.383771747659],[4.6325379544073,52.383782941185]]]]}'
'Q','School en Vergaderkamer der Maatsch. tot Nut v. ’t Algemeen',,'Building',,,'{"type":"MultiPolygon","coordinates":[[[[4.6316051714527,52.38225558376],[4.6316837668945,52.382455474605],[4.6317911806649,52.382439483371],[4.6317047256789,52.382241191584],[4.6316051714527,52.38225558376]]]]}'
'R','Magazijn voor het Garnisoen',,'Building',,,'{"type":"MultiPolygon","coordinates":[[[[4.6306464826307,52.381842470363],[4.6307565162492,52.38201997514],[4.6309006078925,52.381997587189],[4.630835111691,52.381868056682],[4.6307329376166,52.381872854115],[4.6307145986802,52.381829677199],[4.6306464826307,52.381842470363]]]]}'
'S','Het Hofje van Gratie',,'Building',,,'{"type":"MultiPolygon","coordinates":[[[[4.6304028367611,52.381434686418],[4.6304316550898,52.381489057828],[4.6306255238462,52.381450678016],[4.6306019452137,52.381393108235],[4.6304028367611,52.381434686418]]],[[[4.6303949772169,52.381573813128],[4.6304342749378,52.381632981826],[4.6306255238462,52.381597800448],[4.6306412429345,52.381639378438],[4.6306045650617,52.381648973353],[4.6306229039981,52.381693749596],[4.6307774750337,52.381668163177],[4.6307565162492,52.381616990294],[4.6307145986802,52.381623386908],[4.6306831605035,52.381553024107],[4.6304971512913,52.381580209748],[4.630484052051,52.381556222419],[4.6303949772169,52.381573813128]]]]}'
'T','Het Lutherse Wees en Armenhuis',,'Building','rm/19843',,
'U','Het Zuider Hofje',,'Building',,'Het huidige Zuiderhofje is gebouwd rond 1892. Dit is het hofje dat rond 1822 op ongeveer dezelfde plaats stond.','{"type":"MultiPolygon","coordinates":[[[[4.6304765436427,52.380858877855],[4.6305603787806,52.38105717585],[4.6308878597881,52.381002803908],[4.6308930994842,52.381023593188],[4.6309507361415,52.381013998137],[4.6308642811556,52.380801307303],[4.6304765436427,52.380858877855]],[[4.6305629986287,52.380890861463],[4.6308040246502,52.38085088195],[4.6308511819153,52.38096602285],[4.6306075360457,52.381001204732],[4.6305629986287,52.380890861463]]]]}'
'V','De Stads Doele',,'Building','rm/19558',,
'W','Het Bruinings Hofje',,'Building',,,'{"type":"MultiPolygon","coordinates":[[[[4.6317353529712,52.379989735002],[4.6317746082672,52.38010098835],[4.6318615307084,52.380090718822],[4.6318194714627,52.379979465448],[4.6317353529712,52.379989735002]]]]}'
'X','Het Hofje van Alkemade',,'Building',,,'{"type":"MultiPolygon","coordinates":[[[[4.6304875497388,52.379974379029],[4.6305058886752,52.380028752238],[4.630843849075,52.379982375094],[4.6308988658842,52.380139097662],[4.6305635253325,52.380180677025],[4.6305740047248,52.380225454757],[4.6309853208702,52.380171081791],[4.6308962460362,52.379918406539],[4.6304875497388,52.379974379029]]]]}'
'Y','Het Hofje der Vijf Kamers',,'Building',,,'{"type":"MultiPolygon","coordinates":[[[[4.6297076413134,52.380085399849],[4.6297272144093,52.380133191099],[4.6300375877869,52.380085399849],[4.6300152185344,52.38003419488],[4.6297076413134,52.380085399849]]]]}'
'Z','Het Wijnbergs Hofje',,'Building',,'Het huidige Wijnbergshofje is gebouwd in 1872. Het vorige, uit de zeventiende eeuw, werd gesloopt in 1871. Zie https://nl.wikipedia.org/wiki/Wijnbergshofje','{"type":"MultiPolygon","coordinates":[[[[4.6296397170437,52.379845696674],[4.6297327692079,52.380056014343],[4.6299264183063,52.380026846259],[4.6298459407589,52.379819598791],[4.6296397170437,52.379845696674]],[[4.6297227095145,52.379882540718],[4.6297855825983,52.379874864878],[4.629825821372,52.379971580363],[4.6297654632115,52.379977721021],[4.6297227095145,52.379882540718]]]]}'
'a','Het Brouwers Hofje',,'Building','0392100000038106','complex bestaat uit meerdere BAGnummers','{"type":"MultiPolygon","coordinates":[[[[4.6310022839667,52.379292673158],[4.6310701868973,52.379572076554],[4.631145634598,52.379561330302],[4.6310777316674,52.37928039165],[4.6310022839667,52.379292673158]]]]}'
'b','Het Verenigd Arrest en Provoost Huis',,'Building',,,'{"type":"MultiPolygon","coordinates":[[[[4.631142619178,52.379185602517],[4.6312232967376,52.379439829188],[4.6314827732132,52.379419863796],[4.6314936755861,52.379481090971],[4.6315656312474,52.379475766872],[4.6315765336203,52.379463787647],[4.6316637526037,52.37945447047],[4.6316572111799,52.379437167136],[4.6319145071809,52.379370615789],[4.6318970633842,52.379318705669],[4.6317836787058,52.379194919751],[4.631672474502,52.379233519698],[4.6316550307053,52.379218878342],[4.631556909349,52.379252154143],[4.6315699921965,52.379286760949],[4.6316332259595,52.379265464456],[4.6316397673832,52.379281436827],[4.6315787140949,52.379302733312],[4.6316005188407,52.379345326251],[4.6316419478578,52.379345326251],[4.6316550307053,52.379375939901],[4.6316114212136,52.379382595039],[4.6315983383661,52.379353312422],[4.6313148766702,52.379375939901],[4.631232018636,52.379174954247],[4.631142619178,52.379185602517]],[[4.6317705958583,52.379363960649],[4.6317596934854,52.379336009049],[4.6317836787058,52.379332015962],[4.6317749568075,52.379312050521],[4.6317924006041,52.379305395372],[4.6317793177566,52.379278774765],[4.6317967615533,52.379274781673],[4.6318120248754,52.379301402282],[4.6317989420279,52.379301402282],[4.6318185662991,52.379353312422],[4.6317705958583,52.379363960649]]],[[[4.6315089389082,52.379140347354],[4.6315547288744,52.379238843826],[4.6317596934854,52.37917229218],[4.6317117230445,52.379113726648],[4.6315089389082,52.379140347354]]]]}'
'c','Het Militair Passanten Huis',,'Building',,,'{"type":"MultiPolygon","coordinates":[[[[4.6292629987444,52.378586025496],[4.6292826230157,52.378623294925],[4.6294221733891,52.378598004958],[4.6293981881686,52.378560735508],[4.6292629987444,52.378586025496]]]]}'
'd','De Raam Poort',,'Building',,'Volgens haerlem.nu pas in 1849 afgebroken, maar op Nautz niet goed als poort zichtbaar.','{ "type": "Point", "coordinates": [ 4.626812252795412, 52.377583138953625 ] }'
'e','De Nieuwe of St. Anna Kerk',,'Building','0392100000036701',,
'g','Oude Mannen en voormalig Proveniers Huis, Vergaderkamer',,'Building','0392100000038769',,
'h','Het Hofje van Guurtje de Waal',,'Building','0392100000038644','Entreegebouw uit 1783 ander BAG id, zie https://nl.wikipedia.org/wiki/Hofje_van_Guurtje_de_Waal',
'i','Het St. Pieters Huis',,'Building',,'Gebouwd in 1558 waar het diende als leerschool voor ouderloze jongens, welke hier zijn groot gebracht en een ambacht leerden. Tot 2000 was het pand de ambachtsschool. Na een brand rond 1842 is het Pietershuis in de huidige vorm herbouwd.','{"type":"MultiPolygon","coordinates":[[[[4.6332521535066,52.380320914636],[4.6332990572927,52.380363860935],[4.6335042613567,52.380345966649],[4.6335453021695,52.380435438008],[4.6336244523085,52.380419333177],[4.6335775485224,52.380317335776],[4.6336479042015,52.380290494315],[4.6336244523085,52.380254705676],[4.6334690835172,52.380311967485],[4.6334192482445,52.380279757727],[4.6332521535066,52.380320914636]]]]}'
'k','De Latijnsche School ',,'Building',,,'{"type":"MultiPolygon","coordinates":[[[[4.6331646592137,52.381024484161],[4.6331881111067,52.381072797975],[4.6333170965184,52.381045956973],[4.6333405484115,52.381094270764],[4.6334607393632,52.381069219175],[4.6334900542295,52.381130058723],[4.6333669317911,52.381146163295],[4.6334196985504,52.381237422425],[4.633613176668,52.381201634554],[4.6335164376092,52.381020905358],[4.633613176668,52.380995853727],[4.6335926562616,52.380949329234],[4.6331646592137,52.381024484161]]]]}'
'l','Rijks Kweekschool voor School Onderwijzers',,'Building',,,'{"type":"MultiPolygon","coordinates":[[[[4.6336190396412,52.380999432533],[4.6336424915343,52.381047746374],[4.633692326807,52.38103879937],[4.6337040527535,52.381065640376],[4.6336659434273,52.381076376774],[4.6337275046465,52.381176583026],[4.6338359696518,52.381156899673],[4.6337832028925,52.38108532377],[4.6338125177587,52.381076376774],[4.633739230593,52.380969012679],[4.6336190396412,52.380999432533]]],[[[4.6337993228581,52.381102156465],[4.6338388931113,52.381154644799],[4.6339735841657,52.381125845898],[4.6339492332406,52.381088685997],[4.6338952046256,52.381102156465],[4.6338777023982,52.381078931518],[4.6337993228581,52.381102156465]]],[[[4.6339751060985,52.3811249169],[4.6340443540417,52.381110981941],[4.6340009789564,52.381048274571],[4.6339362968117,52.381065925543],[4.6339751060985,52.3811249169]]]]}'
'm','Het Pand',,'Building',,'Het Pand is in de BAG deel van groter complex met Stadhuis','{ "type": "MultiPolygon", "coordinates": [ [ [ [ 4.63253795440732, 52.383782941185416 ], [ 4.632585111672398, 52.383835710630926 ], [ 4.632797319365258, 52.383781342110325 ], [ 4.632713484227338, 52.383699789203867 ], [ 4.632540574255379, 52.383734968907476 ], [ 4.632566772735979, 52.383771747658557 ], [ 4.63253795440732, 52.383782941185416 ] ] ] ] }'
'n','Stads Burger School',,'Building',,'Is in de BAG deel van groter complex met Stadhuis','{ "type": "MultiPolygon", "coordinates": [ [ [ [ 4.63253795440732, 52.383782941185416 ], [ 4.632585111672398, 52.383835710630926 ], [ 4.632797319365258, 52.383781342110325 ], [ 4.632713484227338, 52.383699789203867 ], [ 4.632540574255379, 52.383734968907476 ], [ 4.632566772735979, 52.383771747658557 ], [ 4.63253795440732, 52.383782941185416 ] ] ] ] }'
'o','Het Prinsen Hof Vergaderzaal der Staten van Holland',,'Building','0392100000064492',,'{"type":"MultiPolygon","coordinates":[[[[4.6337559656185,52.381222112911],[4.6340047524295,52.381587526116],[4.6344064394681,52.381495777631],[4.6344297632317,52.381467303924],[4.6344504954659,52.381475213289],[4.6346837331013,52.381424593329],[4.6346396771035,52.381342335771],[4.6345567481665,52.381356572667],[4.6345386074615,52.381318607601],[4.6345697058129,52.381313861965],[4.6345515651079,52.381266405582],[4.6345308328737,52.381256914299],[4.6344530869952,52.381274314983],[4.6343882987632,52.381165165126],[4.6340513999566,52.381256914299],[4.6339788371367,52.381160419474],[4.6337559656185,52.381222112911]],[[4.6340539914859,52.381332844505],[4.6343001867676,52.381285388141],[4.6343831157046,52.381434084576],[4.6341421034814,52.381468885797],[4.6340539914859,52.381332844505]]]]}'
'p','Stadhuis',,'Building','0392100000064491',,'{"type":"MultiPolygon","coordinates":[[[[4.6346215363985,52.38173463967],[4.6351864897819,52.381615999746],[4.6351476168427,52.381549561249],[4.6352175881333,52.381535324415],[4.6351709406062,52.381457812684],[4.635095786257,52.381465722051],[4.6350050827322,52.381309116329],[4.6348184926239,52.381345499526],[4.6347951688604,52.381345499526],[4.6348107180361,52.381367645805],[4.6347614789797,52.381380300817],[4.6347770281554,52.381404028954],[4.6348547740339,52.381389792073],[4.6349014215609,52.381479958907],[4.634865140151,52.381491032014],[4.6348755062681,52.38151317822],[4.6348521825046,52.381517923834],[4.6348625486217,52.381546397508],[4.6349247453245,52.381533742544],[4.6349428860294,52.381568543687],[4.6345645227543,52.381653964556],[4.6346215363985,52.38173463967]]]]}'
'q','De Anatomie Kamer',,'Building',,,'{"type":"MultiPolygon","coordinates":[[[[4.6339302090804,52.381785893412],[4.6339545600055,52.38182119476],[4.6341950253906,52.381752450003],[4.6340930558918,52.381591735491],[4.6340108715197,52.38161124422],[4.634050441773,52.381671628327],[4.6340154373182,52.381678131226],[4.6340626172355,52.381749663051],[4.6339302090804,52.381785893412]]]]}'
'r','De Hortus Medicus',,'Monument','rm/19667',,
's','Zieken Stal voor het Garnisoen',,'Building',,,'{"type":"MultiPolygon","coordinates":[[[[4.6328578197295,52.382653513645],[4.632917424903,52.382693059392],[4.6330029453693,52.382663004627],[4.6330133114864,52.382672495608],[4.6330988319527,52.382637695336],[4.6331117895991,52.382647186322],[4.633166211714,52.382626622516],[4.6330962404234,52.382564931042],[4.6328578197295,52.382653513645]]]]}'
't','Voormalig Militair Passanten Huis',,'Building',,,'{"type":"MultiPolygon","coordinates":[[[[4.6331532540676,52.382816441897],[4.6333709425273,52.382927169492],[4.6335575326355,52.382773732608],[4.6334072239372,52.382667750118],[4.6333113373538,52.382721532309],[4.6333476187637,52.382746841552],[4.6332880135903,52.382780059912],[4.6332517321803,52.382757914342],[4.6331532540676,52.382816441897]],[[4.6333709425273,52.382825932845],[4.6334201815836,52.382787969042],[4.6334383222886,52.382794296345],[4.6334538714643,52.382778478086],[4.6334849698157,52.38279587817],[4.6334098154665,52.382849660205],[4.6333709425273,52.382825932845]]]]}'
'u','Het R.C. Hofje de Dubbelde Muts',,'Building',,,'{"type":"MultiPolygon","coordinates":[[[[4.6327619331461,52.38306795132],[4.632816355261,52.383101169438],[4.6329433401958,52.383033151359],[4.6328915096102,52.382996769553],[4.6327619331461,52.38306795132]]],[[[4.6329848046643,52.382947733158],[4.6329096503151,52.382987278642],[4.6330288606621,52.383071114951],[4.6331066065405,52.383026824091],[4.6329848046643,52.382947733158]]]]}'
'v','Het Remonstrant Gereformeerd Hofje',,'Building',,,'{"type":"MultiPolygon","coordinates":[[[[4.6334409138179,52.38332599856],[4.63346942064,52.38334656204],[4.6334875613449,52.383335489398],[4.6335212512256,52.383341816622],[4.6335445749891,52.383333907592],[4.6335212512256,52.38332125314],[4.6335549411063,52.383307016878],[4.6337337566267,52.383439888482],[4.6337674465073,52.383424070455],[4.6337052498046,52.38337661634],[4.6337207989803,52.38336712551],[4.6335497580477,52.383262726254],[4.6334409138179,52.38332599856]]]]}'
'w','Het Hofje van Oorschot',,'Building','392100000065554',,
'x','De Hoofdwacht',,'Building','392100000036479',,
'y','Het Hofje genaamd St. Barbara Gasthuis',,'Building',,,'{"type":"MultiPolygon","coordinates":[[[[4.6373461503239,52.382254946046],[4.6373616994996,52.382310310582],[4.6375444023139,52.38228974662],[4.63754051502,52.382266809881],[4.637756907715,52.382224890983],[4.6377335839515,52.382163989871],[4.6374757267879,52.38220432698],[4.6374744310233,52.382227263752],[4.6373461503239,52.382254946046]]]]}'
'z','Locaal van het Gouvernement',,'Building',,'Niet verdwenen, rijksmonument, geometrie flink veranderd.','{"type":"MultiPolygon","coordinates":[[[[4.6372463764465,52.382404430135],[4.637273587504,52.382456630809],[4.637338375736,52.382445557944],[4.6373616994996,52.382497758569],[4.6374524030244,52.382485103878],[4.6375068251393,52.382590295889],[4.6375923456056,52.382578432141],[4.6376519507791,52.382751642548],[4.6377024856001,52.382750851634],[4.6376998940708,52.382718424166],[4.6377322881868,52.38270972411],[4.6377491331272,52.38274768798],[4.6379292444122,52.382737406102],[4.6378242874763,52.382382284376],[4.6374277834962,52.382443185187],[4.6374083470266,52.382378329775],[4.6372463764465,52.382404430135]]]]}'
'63','De Batte joris straat','Barteljorisstraat','Street','392300000002890',,
'64','De Schouten steeg','Schoutensteeg','Street','0392300000012010',,
'65','Het Gat van de Houtstraat',,'Street',,,'{"type":"MultiLineString","coordinates":[[[4.6356641624476,52.381204875565],[4.6355407075898,52.380871562437]]]}'
'66','De Parelaars steeg','Paarlaarsteeg','Street','392300000010180',,
'67','De Konings straat','Koningstraat','Street','392300000007930',,
'68','De Beek poort',,'Street',,,'{"type":"MultiLineString","coordinates":[[[4.6347916689815,52.381065029276],[4.6351359181042,52.381014307715]]]}'
'69','De Stoof steeg','Stoofsteeg','Street','392300000012810',,
'70','De Jakobijnen straat','Jacobijnestraat','Street','392300000007190',,
'71','Poort',,'Street',,,'{"type":"MultiLineString","coordinates":[[[4.6330431208514,52.381283131326],[4.633031250192,52.381248351005],[4.6330336243239,52.381210672293],[4.6330146312689,52.381191832925],[4.6330027606095,52.381167196816],[4.6329766451588,52.381099085149],[4.6329054212024,52.381110678632]]]}'
'72','De Nobel straat','Nobelstraat','Street','392300000009660',,
'73','Ingang van het Pand en Anatomiekamer','Het Pand','Street','0392300000010230',,
'74','Ingang van het Pand',,'Street',,'nr 74 nergens te bekennen, lig niet bij Het Pand in de buurt',
'75','Het Prinsen hof plein','Prinsenhof','Street','392300000010720',,
'76','De Kalfs poort',,'Street',,,'{"type":"MultiLineString","coordinates":[[[4.6321353161239,52.381640380352],[4.6322793915614,52.381653073227],[4.6322675090511,52.381619527763]],[[4.63227493562,52.38165397986],[4.6323001859544,52.381695684995],[4.6324100991748,52.381679365599]]]}'
'77','De Oude Smalle Gracht',,'Street',,,'{"type":"MultiLineString","coordinates":[[[4.6317996352076,52.381922342646],[4.6320135203932,52.3824844486]]]}'
'78','De korte Zijlstraat','Korte Zijlstraat','Street','392300000014770',,
'79','De Raax','Raaks','Street','392300000010840',,
'80','Langs de Vest',,'Street',,,'{"type":"MultiLineString","coordinates":[[[4.6291089187498,52.381463154818],[4.6294416290385,52.382300880111],[4.6297624568169,52.382866607681],[4.630071402085,52.383243755368]]]}'
'81','De Bakkum steeg',,'Street',,,'{"type":"MultiLineString","coordinates":[[[4.6302397118207,52.382526951089],[4.6304343064668,52.38273481209],[4.6305054083567,52.382812474191],[4.6306139322939,52.382887851982]]]}'
'82','De Bree plaats',,'Street',,,'{"type":"MultiLineString","coordinates":[[[4.6300900236315,52.382241426141],[4.6302546806397,52.382522382705]]]}'
'83','De Snuif poort',,'Street',,,'{"type":"MultiLineString","coordinates":[[[4.6303781733958,52.382500682871],[4.6304081110337,52.382539514145],[4.6308122691447,52.382409315034]]]}'
'84','De Veste steeg',,'Street',,,'{"type":"MultiLineString","coordinates":[[[4.6290983393776,52.381444473626],[4.6300713126078,52.38128000745]]]}'
'85','De kromme Volders Gracht',,'Street',,,'{"type":"MultiLineString","coordinates":[[[4.630194805364,52.382086342705],[4.6299478198517,52.381698024449],[4.629944077647,52.381650055486],[4.6299590464659,52.381604370711],[4.6299964685132,52.381560970131],[4.6300713126078,52.38150386404],[4.6300937658362,52.381469600349],[4.6301124768599,52.381430768135],[4.6301049924504,52.38138051463],[4.6300750548126,52.381302850011]]]}'
'86','De St. Jacobs straat',,'Street',,,'{"type":"MultiLineString","coordinates":[[[4.6301686099308,52.381275438936],[4.6306326433175,52.382036089947]]]}'
'87','De Cloribus poort',,'Street',,,'{"type":"MultiLineString","coordinates":[[[4.6311229205107,52.381979765561],[4.6310593030303,52.381844996346]]]}'
'88','Het Nieuwe landje',,'Street',,,'{"type":"MultiLineString","coordinates":[[[4.6307112779903,52.381609720288],[4.6307636688565,52.381605151809],[4.6307786376754,52.38164398387],[4.6318825880712,52.381479518436]]]}'
'89','De Drosse straat',,'Street',,'Was korter en had een knik','{"type":"MultiLineString","coordinates":[[[4.6309608228035,52.38116197752],[4.6310768311502,52.381468067676],[4.6319450226479,52.381360707937]]]}'
'90','De Zuider straat',,'Street',,'Was korter, laatste deel heette De Veste Steeg','{"type":"MultiLineString","coordinates":[[[4.6301962785078,52.381259419607],[4.6321571937871,52.380955612278]]]}'
'91','De Volders Gracht','Gedempte Voldersgracht','Street','392300000005680',,
'92','De Luiten steeg',,'Street',,,'{"type":"MultiLineString","coordinates":[[[4.6298314135465,52.380615825289],[4.6313619752817,52.380417091518]]]}'
'93','De Gasthuis straat','Gasthuisstraat','Street','392300000005630',,
'94','De Barrevoete steeg','Barrevoetestraat','Street','392300000002880',,
'95','De Boere steeg',,'Street',,,'{"type":"MultiLineString","coordinates":[[[4.6299623907121,52.380851106642],[4.6313320376438,52.380661511087]]]}'
'96','Poort',,'Street',,,'{"type":"MultiLineString","coordinates":[[[4.6310738255174,52.380862528035],[4.6312946155965,52.380837400967]]]}'
'97','De Bruinings gang',,'Street',,,'{"type":"MultiLineString","coordinates":[[[4.6316914344181,52.379877271036],[4.6317363408749,52.379991487353]]]}'
'98','De korte Bogaard straat','Korte Bogaardstraat','Street','392300000003440',,
'99','De lange Bogaard straat','Lange Bogaardstraat','Street','392300000003450',,
'100','De Koek en Korente poort',,'Street',,,'{"type":"MultiLineString","coordinates":[[[4.6304917328942,52.379227545927],[4.6306141280121,52.379215805163],[4.6306770740727,52.379322539264]]]}'
'101','De Tuchthuis straat','Tuchthuisstraat','Street','392300000013190',,
'102','De lange Vlaming straat',,'Street',,,'{"type":"MultiLineString","coordinates":[[[4.6298863040119,52.379390712431],[4.6301241002409,52.379999090944]]]}'
'103','Poort',,'Street',,,'{"type":"MultiLineString","coordinates":[[[4.6300401721601,52.379745067251],[4.6303024474127,52.379730124635]]]}'
'104','De Wester Bogaard straat','Wester Bogaardstraat','Street','392300000003460',,
'105','De korte Vlaming straat',,'Street',,,'{"type":"MultiLineString","coordinates":[[[4.6297033822846,52.379198479479],[4.6298677414429,52.379367119307]]]}'
'106','Poort',,'Street',,,'{"type":"MultiLineString","coordinates":[[[4.6303632180205,52.379194991983],[4.6300484877174,52.379261167187]]]}'
'107','De Vijfhoek',,'Street',,,'{"type":"MultiLineString","coordinates":[[[4.6304104275659,52.379120277923],[4.6302338288959,52.378754177203]],[[4.6303422360003,52.378980455557],[4.6300869547544,52.37906157393]],[[4.6303614695188,52.379013543333],[4.6306010142495,52.37900286986]],[[4.6302915294514,52.37887585533],[4.6299680566399,52.378848104208]]]}'
'108','De Drapeniers straat','Drapenierstraat','Street','392300000004740',,
'109','De Wol straat','Wolstraat','Street','392300000014330',,
'110','De Raam gracht','Gedempte Raamgracht','Street','392300000005660',,
'111','De bereider straat','Sophiastraat','Street','392300000012350',,
'112','De korte Geuse straat',,'Street',,,'{"type":"MultiLineString","coordinates":[[[4.6268346551002,52.377581371842],[4.6271452580929,52.377629345225],[4.6273997280147,52.377652189675],[4.6277889173068,52.377636198561],[4.6279872541575,52.377615638549]]]}'
'113','De korte Raam straat',,'Street',,,'{"type":"MultiLineString","coordinates":[[[4.6270017746627,52.377304112528],[4.6270915875762,52.377228725205],[4.6271739160803,52.377185320324],[4.6273236042696,52.377119070687],[4.6276229806481,52.377020838283]]]}'
'114','De lange Geuse straat','Nieuwe Raamstraat','Street','392300000010880',,
'115','De Oude Raam straat','Oude Raamstraat','Street','392300000010890',,
'116','Vest',,'Street',,,'{"type":"MultiLineString","coordinates":[[[4.6276792823734,52.376877731331],[4.6286372867846,52.376585316353],[4.6293408212742,52.376375141892],[4.6301491374962,52.376256347189],[4.6310472666317,52.376192380678],[4.6323046474215,52.376155828344],[4.6335470593924,52.376128414074],[4.6351337541985,52.376091861688],[4.6362414467991,52.376082723586],[4.6370797006589,52.376311175553],[4.637873048062,52.376567040353],[4.6389208653868,52.376886869268]]]}'
'117','Het Popelings gat','Popelingstraat','Street','392300000010630',,
'118','De korte St. Anna straat','Korte Annastraat','Street','392300000002500',,
'119','De korte Hout straat','Korte Houtstraat','Street','392300000007010',,
'120','De Hane poort',,'Street',,,'{"type":"MultiLineString","coordinates":[[[4.6305920490737,52.376605783629],[4.6307192840345,52.376585223137],[4.630782901515,52.376569231637],[4.6311122155313,52.376518972599]]]}'
'121','De Kerk straat','Kerkstraat','Street','0392300000007650',,
'122','Het Nieuwe Kerks plein','Nieuwe Kerksplein','Street','392300000007640',,
'123','De korte Laken straat','Korte Lakenstraat','Street','392300000008250',,
'124','De Doel straat','Doelstraat','Street','392300000004650',,
'125','De Nieuwe Raam straat',,'Street',,,'{"type":"MultiLineString","coordinates":[[[4.6290827576631,52.377339941798],[4.6294569781362,52.377705453972],[4.6295954397113,52.377908768809]]]}'
'126','De Wale Tuin straat',,'Street',,,'{"type":"MultiLineString","coordinates":[[[4.62951173481,52.377736714036],[4.6301104875671,52.377611069656]]]}'
'127','De lange laken straat','Lange Lakenstraat','Street','392300000008260',,
'128','De lange Raam straat','Lange Raamstraat','Street','392300000010870',,
'129','De Halfdeurspoort',,'Street',,,'{"type":"MultiLineString","coordinates":[[[4.6298113046819,52.378207335701],[4.6297252339731,52.378227895437]]]}'
'130','De Munnike poort',,'Street',,,'{"type":"MultiLineString","coordinates":[[[4.6298625126444,52.378147940854],[4.6301731156371,52.378074839393],[4.6301918266608,52.3781182434]]]}'
'131','De Witte poort',,'Street',,,'{"type":"MultiLineString","coordinates":[[[4.6300298257002,52.378371813323],[4.6302543579841,52.378294143411],[4.6302431313699,52.378253023991]]]}'
'132','De Moermans poort',,'Street',,,'{"type":"MultiLineString","coordinates":[[[4.6301008792168,52.378474611525],[4.6303516069338,52.378419785847],[4.6303291537054,52.378353538062]]]}'
'133','De Klanders poort',,'Street',,,'{"type":"MultiLineString","coordinates":[[[4.6301520871792,52.378546209078],[4.6303803616679,52.378482245884]]]}'
'134','De Klanders poort',,'Street',,,'{"type":"MultiLineString","coordinates":[[[4.6308069730072,52.37862616294],[4.630545018676,52.378678703971],[4.6305188232429,52.378703832268],[4.6305749563139,52.378786070231],[4.6306460582038,52.378772363914]]]}'
'135','De lange St. Anna straat','Lange Annastraat','Street','392300000002510',,
'136','De Zwane poort',,'Street',,,'{"type":"MultiLineString","coordinates":[[[4.6304852271838,52.378010771372],[4.6306171228224,52.377986329134],[4.6305982805883,52.377961886883]]]}'
'137','De Magdalena steeg','Korte Gierstraat','Street','392300000005810',,
'138','Poort',,'Street',,,'{"type":"MultiLineString","coordinates":[[[4.6313331277178,52.377859804392],[4.6309916122249,52.377910126776],[4.6309185985678,52.377948946862],[4.6309397960812,52.378006458037]]]}'
'139','De Schoenlappers poort',,'Street',,,'{"type":"MultiLineString","coordinates":[[[4.6306306319046,52.377804300905],[4.6307130666787,52.377938014711],[4.6308402517588,52.377916447995]]]}'
'140','De Bree Steeg','Breestraat','Street','392300000003740',,
'141','De Gier straat','Gierstraat','Street','392300000005800',,
'142','De Snoek poort',,'Street',,,'{"type":"MultiLineString","coordinates":[[[4.6316686874654,52.379126283221],[4.6320973482909,52.379038580872]]]}'
'143','De Nieuwe steeg','Nieuwstraat','Street','0392300000009640',,
'144','De Grutters poort',,'Street',,,'{"type":"MultiLineString","coordinates":[[[4.6318759520404,52.378518114171],[4.6323258103792,52.378407406374]]]}'
'145','De Paarde steeg',,'Street',,,'{"type":"MultiLineString","coordinates":[[[4.6325330749542,52.379396577888],[4.6332302376155,52.379195294782]]]}'
'146','De Cornelis steeg','Cornelissteeg','Street','392300000004250',,
'147','Het Zakje','Het Zakje','Street','0392300000014440',,
'148','Het kleine Heilig land','Klein Heiligland','Street','392300000006470',,
'149','De Franeker poort',,'Street',,,'{"type":"MultiLineString","coordinates":[[[4.6327050103403,52.3770471082],[4.6320573085435,52.377127625469],[4.6319866501656,52.37706867534]]]}'
'150','Het Breedt',,'Street',,,'{"type":"MultiLineString","coordinates":[[[4.6326673258721,52.376988157963],[4.6325001010445,52.377011162943]]]}'
'151','Het nieuwe Heilig land','Nieuw Heiligland','Street','392300000006480',,
'152','De Vest','Gasthuisvest','Street','392300000005640',,
'153','De Ravelings steeg','Ravelingsteeg','Street','392300000010980',,
'154','Het groot Heilig land','Groot Heiligland','Street','392300000006460',,
'155','De Roode poort',,'Street',,,'{"type":"MultiLineString","coordinates":[[[4.6332145264062,52.377691033037],[4.6334243853154,52.377653353866],[4.6334038109126,52.377613162714]]]}'
'156','De Omvals poort','Omvalspoort','Street','392300000009870',,
'157','De Friesche poort',,'Street',,,'{"type":"MultiLineString","coordinates":[[[4.633979211166,52.378380135278],[4.6340628804043,52.378336595579],[4.634094427822,52.378333246369],[4.634161637538,52.378298916958]]]}'
'158','De Pijpenbrands poort',,'Street',,,'{"type":"MultiLineString","coordinates":[[[4.6340402420589,52.377293721521],[4.6344133245641,52.377270276496]]]}'
'159','De Minnebroeders steeg',,'Street',,,'{"type":"MultiLineString","coordinates":[[[4.6340908522151,52.377390143115],[4.6355146008932,52.377301387078]]]}'
'160','De Kleine Hout straat','Kleine Houtstraat','Street','392300000007000',,
'161','De Gasthuis poort','Gasthuispoort','Street','392300000005610',,
'162','De Bijls poort',,'Street',,,'{"type":"MultiLineString","coordinates":[[[4.6348260442108,52.376309986759],[4.6348260442108,52.376366925893],[4.635199126716,52.376353528456]]]}'
'163','De Zonne steeg','Zonnesteeg','Street','392300000014620',,
'164','De Gorte steeg','Gortestraat','Street','392300000006010',,
'165','De Patientie straat','Patiëntiestraat','Street','392300000010300',,
'166','De korte Hofstraat','Korte Hofstraat','Street','392300000006800',,
'167','De lange Hof straat','Lange Hofstraat','Street','392300000006810',,
'168','De Voorkamp','De Witstraat','Street','392300000014300',,
'169','Het Rotte gat',,'Street',,,'{"type":"MultiLineString","coordinates":[[[4.636518631753,52.376956409086],[4.6362360766203,52.376867652177],[4.6361181167106,52.377095405397]]]}'
'170','De Schoolmeesters poort',,'Street',,,'{"type":"MultiLineString","coordinates":[[[4.6361510357551,52.377011672732],[4.6358383048316,52.377026744624]]]}'
'171','De Krullebols poort',,'Street',,,'{"type":"MultiLineString","coordinates":[[[4.6355502631915,52.377159042117],[4.6357450342053,52.37714731957]]]}'
'172','De Groenendaals steeg','Groendaalsteeg','Street','392300000006120',,
'173','Poort',,'Street',,,'{"type":"MultiLineString","coordinates":[[[4.6368889710045,52.376541092201],[4.6370892285257,52.376596356367],[4.6371962154206,52.376579609657],[4.637278513032,52.376467406539],[4.6373306348526,52.376484153291]]]}'
'174','De Waterrotte Tuin poort',,'Street',,,'{"type":"MultiLineString","coordinates":[[[4.6367051730056,52.376810713688],[4.6370371067051,52.376877700138]]]}'
'175','De Rozemarijn steeg','Rozemarijnsteeg','Street','392300000011430',,
'176','De Kamper steeg','De Haasstraat','Street','392300000006230',,
'177','De Kuil der Leeuwen poort',,'Street',,,'{"type":"MultiLineString","coordinates":[[[4.6364939424695,52.377169090011],[4.6368313626765,52.377212630862]]]}'
'178','De Boge poort','Krullebolspoort','Street','392300000008184',,'{"type":"MultiLineString","coordinates":[[[4.6366119023793,52.377445406219],[4.6367408353039,52.377415262716],[4.6370233904365,52.377448755495],[4.6370371067051,52.377465501875],[4.6371605531223,52.377488946797]],[[4.6370206471828,52.377448755495],[4.6370508229737,52.377395167037],[4.6370947150331,52.377400190957],[4.6371002015406,52.377381769912]]]}'
'179','De Achter kamp','Essenstraat','Street','392300000005310',,
'180','De Kamper Bree steeg','Burretstraat','Street','392300000003890',,
'181','De Krone poort',,'Street',,,'{"type":"MultiLineString","coordinates":[[[4.6386117343376,52.377050189778],[4.6380850296243,52.376988227558]]]}'
'182','De Blaauwe poort',,'Street',,,'{"type":"MultiLineString","coordinates":[[[4.6383511252346,52.376701860491],[4.6382276788175,52.376830809634],[4.6382962601603,52.376849230909]]]}'
'183','Poort',,'Street',,,'{"type":"MultiLineString","coordinates":[[[4.6373141753303,52.377425310553],[4.637596730463,52.377465501875]]]}'
'184','De Gravinne steeg','Gravinnesteeg','Street','392300000006090',,
'185','De Meester Klaasen Olie poort',,'Street',,,'{"type":"MultiLineString","coordinates":[[[4.6367100456537,52.378302526817],[4.6367073024,52.37843816969],[4.6366085452663,52.378436495089]]]}'
'186','De Helmbreekers steeg','Helmbrekersteeg','Street','392300000006520',,
'187','Poort',,'Street',,,'{"type":"MultiLineString","coordinates":[[[4.6370118035624,52.378629073767],[4.6370694118904,52.37877978693],[4.6371078174424,52.378781461518]]]}'
'188','De Turf steeg','Turfsteeg','Street','392300000013320',,
'189','De korte Veer straat','Korte Veerstraat','Street','392300000013460',,
'190','De Schaggel straat','Schagchelstraat','Street','392300000011720',,
'191','De Hemel poort',,'Street',,,'{"type":"MultiLineString","coordinates":[[[4.6355668646091,52.37879459644],[4.6357095138023,52.378754406327]]]}'
'192','De Paradijs poort',,'Street',,,'{"type":"MultiLineString","coordinates":[[[4.6363294854263,52.379605927656],[4.636612040559,52.379523874311]]]}'
'193','De Franke straat','Frankestraat','Street','392300000005500',,
'194','De Ane gang','Anegang','Street','392300000002470',,
'195','De Peuzelaar steeg','Peuzelaarsteeg','Street','392300000010440',,
'196','De Bikkelaars poort',,'Street',,,'{"type":"MultiLineString","coordinates":[[[4.634018899967,52.379229208185],[4.6343535769202,52.379400014076]]]}'
'197','De Koewagen poort',,'Street',,,'{"type":"MultiLineString","coordinates":[[[4.635587212898,52.379626985403],[4.6354253609288,52.379688943921],[4.635172981587,52.37992003168]]]}'
'198','De Donkermans poort',,'Street',,,'{"type":"MultiLineString","coordinates":[[[4.6357134025689,52.379742529596],[4.6355241180625,52.37981955889],[4.635345806571,52.379923380769],[4.6353183740339,52.379908309866],[4.6352936847505,52.379933428035]]]}'
'199','De Guldenbergs poort',,'Street',,,'{"type":"MultiLineString","coordinates":[[[4.6355398234725,52.380656221009],[4.6357929267126,52.38059216106],[4.6357528005892,52.380486650354],[4.6360429433278,52.380424474284]]]}'
'200','De Spek straat','Spekstraat','Street','392300000012560',,
'201','De Warmoes straat','Warmoesstraat','Street','392300000014030',,
'202','Tussen de Palen of Lepel straat','Lepelstraat','Street','392300000008480',,
'203','De oude Groenmarkt','Oude Groenmarkt','Street','392300000006150',,
'204','De Bullemans poort',,'Street',,,'{"type":"MultiLineString","coordinates":[[[4.636565295972,52.380387769895],[4.6371742982967,52.380273901922],[4.637190757819,52.380293996292],[4.6372565959082,52.3802889727]]]}'
'205','De lange Veer straat','Lange Veerstraat','Street','392300000013470',,
'206','De Berkenroode steeg','Berkenrodesteeg','Street','392300000003140',,
'207','De Appelmarkt',,'Street',,,'{"type":"MultiLineString","coordinates":[[[4.6379603516177,52.379555279664],[4.6383005150784,52.379767948072],[4.6386571380614,52.379923680981],[4.6390329638203,52.380044248017]]]}'
'208','De Dam straat','Damstraat','Street','392300000004450',,
'209','De Wage poort','Simon de Vrieshof','Street','392300000013822',,
'210','De Wijde Appelaar steeg','Wijde Appelaarsteeg','Street','392300000002580',,
'211','De Dam steeg',,'Street',,,'{"type":"MultiLineString","coordinates":[[[4.6388585864864,52.380559076168],[4.6390039789333,52.380723178858],[4.6392234392305,52.380899002492],[4.639593778482,52.38116357388],[4.6398818201221,52.38108319793]]]}'
'212','De Naauwe Appelaar steeg','Nauwe Appelaarsteeg','Street','392300000002579',,
'213','Het Koperslagers pleintje',,'Street',,,'{"type":"MultiLineString","coordinates":[[[4.6407230355231,52.380264179875],[4.6410439962077,52.380311066733],[4.641118064058,52.380332835615],[4.6411400100878,52.38035962807],[4.6411427533415,52.380406514827],[4.6411125775506,52.380463448679],[4.6410824017597,52.380498613669],[4.6406956029859,52.380378047873]]]}'
'214','De Halve maans poort',,'Street',,,'{"type":"MultiLineString","coordinates":[[[4.6405831295836,52.380386420509],[4.6403005744509,52.380557221923],[4.6402676554064,52.380542151237],[4.6402073038246,52.380567269044],[4.6401935875561,52.380563920004],[4.6401222629595,52.380602433951]],[[4.6402978311972,52.380557221923],[4.6403938450773,52.380614155581],[4.6401990740635,52.380731371704]]]}'
'215','Het Sleepers Hoofd',,'Street',,,'{"type":"MultiLineString","coordinates":[[[4.6391536669838,52.38006769157],[4.6397352367714,52.380159791118]]]}'
'216','De Passers poort',,'Street',,,'{"type":"MultiLineString","coordinates":[[[4.6393743181848,52.380350597891],[4.6399449149576,52.380745784793]]]}'
'217','De lange Bagijnen straat','Lange Begijnestraat','Street','392300000003040',,
'218','De korte Bagijnen straat','Korte Begijnestraat','Street','392300000003030',,
'219','Poort',,'Street',,,'{"type":"MultiLineString","coordinates":[[[4.640383835552,52.381706944954],[4.6400985371656,52.381651687185],[4.6399970367782,52.381680153317]]]}'
'220','Poort',,'Street',,,'{"type":"MultiLineString","coordinates":[[[4.6399339419427,52.381382095255],[4.6401643752548,52.381591405902],[4.6404194978503,52.381644989268]]]}'
'221','Kalver steeg','Groene Buurt','Street','392300000006130',,
'222','De Lombard steeg','Lombardsteeg','Street','392300000008660',,
'223','De Bagijnen steeg','Begijnesteeg','Street','392300000003020',,
'224','Het Bagijn Hof','Donkere Begijnhof','Street','392300000003060',,
'225','Het Donker Bagijn Hof','Begijnhof','Street','392300000003050',,
'226','De Groene Buurt','Kalversteeg','Street','392300000007380',,
'227','Het Pleintje','Goudsmidspleintje','Street','392300000006020',,
'228','De Klopperpoort',,'Street',,'Staat als 226 op de kaart.','{"type":"MultiLineString","coordinates":[[[4.6382567768257,52.383458388502],[4.6384981831526,52.383446667627],[4.6388767521653,52.38341485381],[4.638879495419,52.383357923763],[4.6392086858648,52.383371319075],[4.6393952271174,52.383416528222]]]}'
'229','De Job Balten poort',,'Street',,,'{"type":"MultiLineString","coordinates":[[[4.638292439124,52.383599038752],[4.6387944545538,52.383595689942]]]}'
'230','De korte Jans straat','Korte Jansstraat','Street','392300000007220',,
'231','Poort',,'Street',,,'{"type":"MultiLineString","coordinates":[[[4.6390468338956,52.383796618108],[4.6387587922555,52.383810013287],[4.6387670220167,52.383833454839]]]}'
'232','Poort',,'Street',,,'{"type":"MultiLineString","coordinates":[[[4.6400289923331,52.383050826947],[4.6402841149287,52.383104408542],[4.6402950879435,52.383089338725]]]}'
'233','De Merode of Wijde poort',,'Street',,,'{"type":"MultiLineString","coordinates":[[[4.6398780397713,52.383285923893],[4.6403005008434,52.383362947005],[4.6402785548137,52.383406481749]]]}'
'234','De Zak steeg','Zakstraat','Street','392300000014450',,
'235','De Biggen steeg','Bloemertstraat','Street','392300000003340',,
'236','De Kok steeg','Kokstraat','Street','392300000007890',,
'237','Poort',,'Street',,,'{"type":"MultiLineString","coordinates":[[[4.6406928597322,52.382920221537],[4.6406242783893,52.383042454817]]]}'
'238','De Blaauwe gang',,'Street',,,'{"type":"MultiLineString","coordinates":[[[4.6407751573437,52.3827377082],[4.6406983462396,52.382883384043]],[[4.6407559545676,52.382767848069],[4.6402484526304,52.3826690562]]]}'
'239','Poort',,'Street',,,'{"type":"MultiLineString","coordinates":[[[4.6408986037608,52.383161338916],[4.6410439962077,52.383206548278],[4.6410165636706,52.38325510643]]]}'
'240','Het Krom','Het Krom','Street','0392300000008110',,
'241','De Vrouwe steeg','Vrouwestraat','Street','392300000013850',,
'242','Poort',,'Street',,,'{"type":"MultiLineString","coordinates":[[[4.6411674426249,52.380810073784],[4.6414993763244,52.380895473755]]]}'
'243','De Klerk steeg','Bakenesserstraat','Street','392300000002730',,
'244','Het Boon Hofje',,'Street',,,'{"type":"MultiLineString","coordinates":[[[4.6420452838137,52.381136602191],[4.6425171234527,52.38123539749]]]}'
'245','De Rave steeg',,'Street',,,'{"type":"MultiLineString","coordinates":[[[4.6426102810565,52.381309507615],[4.6430245123675,52.381528865509],[4.6431534452921,52.381570727579],[4.6436774067517,52.381877156721]]]}'
'246','De Banne steeg',,'Street',,,'{"type":"MultiLineString","coordinates":[[[4.6424813481319,52.381416674967],[4.6434661762156,52.381996043957]]]}'
'247','Het Donker Spaarne','Donkere Spaarne','Street',,,
'248','De Valken steeg','Valkestraat','Street','392300000013410',,
'249','De Bijls poort',,'Street',,,'{"type":"MultiLineString","coordinates":[[[4.6419739592171,52.382754452575],[4.6416502552788,52.382543472996]]]}'
'250','De Kouden Horn','Koudenhorn','Street','392300000008040',,
'251','De Schepenmakers Dijk','Scheepmakersdijk','Street','392300000011780',,
'252','Het Meniste steegje','Blekerstraat','Street','392300000003310',,
'253','De Papetorens vest',,'Street',,'Huidige Papentorenvest en Oostvest','{"type":"MultiLineString","coordinates":[[[4.6427219996723,52.383724670478],[4.6453574796891,52.382906143253],[4.6469126922786,52.382309290919],[4.6469778808302,52.382212656925],[4.6468847543279,52.38172379936],[4.6467357519241,52.381371363805],[4.6463353079639,52.380723329798]]]}'
'255','Poort',,'Street',,,'{"type":"MultiLineString","coordinates":[[[4.6455732128422,52.381286558324],[4.6461319718564,52.381152972887],[4.6464672272649,52.381022229303]]]}'
'257','De Dijk straat','Dijkstraat','Street','392300000004940',,
'258','De Koralen steeg','Koralensteeg','Street','392300000008000',,
'259','Poort',,'Street',,,'{"type":"MultiLineString","coordinates":[[[4.6444463762171,52.380550401391],[4.6446419418721,52.380317333291]]]}'
'260','De Stroomarkt of Houtmarkt',,'Street',,'Deel van huidige Houtmarkt','{"type":"MultiLineString","coordinates":[[[4.6432729822874,52.38019795647],[4.6440692138826,52.380411129137],[4.6447676626503,52.380726622797],[4.6452239825119,52.380979584553]]]}'
'261','Poort',,'Street',,,'{"type":"MultiLineString","coordinates":[[[4.6451448249849,52.38091137029],[4.6453450469649,52.380718095971]]]}'
'262','De Spaarnwouder straat','Spaarnwouderstraat','Street','392300000012490',,
'263','De Sleutel straat','Sleutelstraat','Street','392300000012210',,'{"type":"MultiLineString","coordinates":[[[4.6430646117383,52.379884946071],[4.6430250329748,52.379963110056],[4.6431367847777,52.38000858722],[4.6430483146004,52.380147860744],[4.6429901105364,52.38013364918]]]}'
'263a','Het Visschers hofje',,'Street',,'Let op id, in qGis veld numeriek, dus a mist','{ "type": "MultiLineString", "coordinates": [ [ [ 4.64306461173833, 52.37988494607125 ], [ 4.643025032974825, 52.379963110056288 ], [ 4.643136784777663, 52.380008587220274 ], [ 4.643048314600417, 52.380147860743627 ], [ 4.64299011053644, 52.38013364917974 ] ] ] }'
'264','Het Korte Spaarn','Korte Spaarne','Street','392300000012420',,
'265','De Wijde steeg','Wijdesteeg','Street','392300000014360',,
'266','De Achter straat',,'Street',,,'{"type":"MultiLineString","coordinates":[[[4.6407013644359,52.377362110182],[4.6404185449815,52.377688224591],[4.6400728767594,52.377963181927],[4.6398110068942,52.378135828682],[4.6394758134667,52.378308474761],[4.6393815403152,52.378417177502],[4.6392348931907,52.378672947602],[4.6391929940123,52.378883956819],[4.6392139436015,52.37902462907],[4.639308216753,52.3791013592],[4.639601511002,52.379222848299],[4.6398738556618,52.379331548789],[4.6401566751163,52.379427460764],[4.6404604441599,52.379472219615],[4.6408480115604,52.379529766641],[4.6412146293717,52.379600101794],[4.6415183984154,52.379651254562],[4.6420211885566,52.379791924369],[4.642304008011,52.37983668285],[4.6427753737684,52.379823894717]]]}'
'267','De Schippers steeg',,'Street',,,'{"type":"MultiLineString","coordinates":[[[4.6403746454829,52.379442067464],[4.640809188143,52.379037752242]]]}'
'268','De Ossenhoofd steeg','Ossenhoofdsteeg','Street','392300000010080',,
'269','De Kopboter steeg',,'Street',,,'{"type":"MultiLineString","coordinates":[[[4.6420362447295,52.379748222769],[4.6422449017778,52.379325213734]]]}'
'270','De Sleepers poort',,'Street',,,'{"type":"MultiLineString","coordinates":[[[4.6401257884529,52.37883325614],[4.6402846740952,52.379045932067]]]}'
'271','De Hage straat','Hagestraat','Street','392300000006240',,
'272','De Beek steeg','Beeksteeg','Street','392300000002980',,
'273','De Kaarssenmakers poort',,'Street',,,'{"type":"MultiLineString","coordinates":[[[4.6409508452217,52.378617073516],[4.6411173880033,52.378876492538]]]}'
'274','De Honde steeg','Sint Antoniesteeg','Street','0392300000002540',,
'275','De Kamper poort',,'Street',,,'{"type":"MultiLineString","coordinates":[[[4.639813760023,52.378169513693],[4.6399554171016,52.378209245036],[4.639924788544,52.378238459235],[4.6399688170955,52.378257156313],[4.6399592456713,52.378268841983],[4.6402176741255,52.378338955935]]]}'
'276','Het Houtje',,'Street',,,'{"type":"MultiLineString","coordinates":[[[4.6395227887263,52.37833545024],[4.6397237886352,52.378338955935],[4.6398482171502,52.378359990099],[4.6399190456895,52.378287539047]]]}'
'277','De Katte steeg',,'Street',,,'{"type":"MultiLineString","coordinates":[[[4.6401679027195,52.378383361381],[4.6404875882889,52.378185873662],[4.6405699025373,52.378105242328],[4.6409546737914,52.377780378359],[4.6410312451852,52.377747658114]]]}'
'278','De Hoog straat','Hoogstraat','Street','392300000006920',,
'279','De Barne steeg','Barnesteeg','Street','392300000002870',,
'280','De Vrouwe steeg','Lieve Vrouwe Gracht','Street','392300000008540',,
'281','De St. Anthonie straat',,'Street',,,'{"type":"MultiLineString","coordinates":[[[4.6409202166641,52.377188488761],[4.6417357020087,52.376804019205]]]}'
'282','De korte of kromme Heeren vest',,'Street',,,'{"type":"MultiLineString","coordinates":[[[4.6404033597556,52.376979309691],[4.640858959549,52.376823885495],[4.6411843879729,52.376733902815],[4.6413509307545,52.376701181795],[4.6415423592392,52.376714036485],[4.6417108163057,52.376765455204]]]}'
'283','De Glazenmakers poort',,'Street',,,'{"type":"MultiLineString","coordinates":[[[4.6413260450515,52.377038908298],[4.6414983306877,52.37722120942],[4.6415595878028,52.377195500333]]]}'
'284','De Witwerkers poort',,'Street',,,'{"type":"MultiLineString","coordinates":[[[4.6412992450637,52.37756419058],[4.641494502118,52.37747888376]]]}'
'285','De Nieuwe steeg',,'Street',,,'{"type":"MultiLineString","coordinates":[[[4.6415423592392,52.377862178864],[4.6418850162267,52.377643654319]]]}'
'286','Het Keizers plein',,'Street',,,'{"type":"MultiLineString","coordinates":[[[4.6416036163543,52.377941642067],[4.6419462733417,52.37770325203]]]}'
'287','De Raam steeg','Raamsteeg','Street','392300000010860',,
'288','Poort',,'Street',,,'{"type":"MultiLineString","coordinates":[[[4.6419730733296,52.378398552707],[4.6422468160626,52.378239627803]]]}'
'289','Poort',,'Street',,,'{"type":"MultiLineString","coordinates":[[[4.6421970446566,52.378654467343],[4.6423655017231,52.378515408889],[4.6423961302806,52.37852475737]]]}'
'290','De Kool steeg','Koolsteeg','Street','392300000007950',,
'291','Poort',,'Street',,,'{"type":"MultiLineString","coordinates":[[[4.6424305874079,52.379007370024],[4.6428459872195,52.378697703916]]]}'
'292','De Kerkhof straat','Kerkhofstraat','Street','392300000007610',,
'293','De Witte Lely of Slijk straat','Leliestraat','Street','392300000008430',,
'294','De Witte poort',,'Street',,,'{"type":"MultiLineString","coordinates":[[[4.6433226441462,52.379863906855],[4.64352555834,52.379571774742]]]}'
'295','De Hane poort',,'Street',,,'{"type":"MultiLineString","coordinates":[[[4.6434719583643,52.379891951436],[4.6436097868732,52.379681616643]]]}'
'296','De Molen steeg','Spiegelstraat','Street','392300000012580',,
'297','De Victorie poort',,'Street',,,'{"type":"MultiLineString","coordinates":[[[4.644172586618,52.380043859275],[4.6442683008603,52.379896625531]]]}'
'298','De Nieuwe Spaarnwouder straat','Nieuwe Spaarnwouderstraat','Street','392300000012500',,
'299','De Grave poort',,'Street',,,'{"type":"MultiLineString","coordinates":[[[4.6456657287981,52.380251855314],[4.6455738431255,52.380373380637]]]}'
'300','De lange Heeren vest','Lange Herenvest','Street','392300000006640',,
'a1','Stads Armen School L. C.',,'Building',,,'{"type":"MultiPolygon","coordinates":[[[[4.6364769220481,52.383173697947],[4.6365046356803,52.383186586163],[4.6365415871899,52.383160004213],[4.6365785386995,52.383177725515],[4.636760656854,52.383051259706],[4.6366959917122,52.38301662251],[4.636581178093,52.383099590631],[4.6366088917252,52.383111673354],[4.6365890962737,52.383127783646],[4.636564022035,52.383116506442],[4.6364769220481,52.383173697947]]]]}'
'a2','Het Nederduitsch Gereformeerde Weeshuis',,'Building','0392100000038330',,
'b1','De St. Jans Kerk',,'Building','392100000064921
',,
'b2','Het Jans Verwers Hofje',,'Building',,,'{"type":"MultiPolygon","coordinates":[[[[4.6335763379033,52.377315919837],[4.6335948445045,52.377392491833],[4.6337922482508,52.377369896831],[4.6337860793837,52.377329727911],[4.6336174636838,52.377344791261],[4.6336133511057,52.377312153997],[4.6335763379033,52.377315919837]]],[[[4.633553718724,52.377200433952],[4.6335619438801,52.377236837144],[4.6337757979386,52.377216752628],[4.6337716853606,52.377181604703],[4.633553718724,52.377200433952]]]]}'
'c1','Woning van den Gouverneur',,'Building',,,'{"type":"MultiPolygon","coordinates":[[[[4.6375084861354,52.384476193255],[4.637562593703,52.384662261022],[4.6379004360766,52.384632458012],[4.6378489679025,52.384448806591],[4.6378106966961,52.384453639533],[4.63781729518,52.38449069207],[4.6377064406511,52.384497135986],[4.6376972027737,52.384463305415],[4.637620660361,52.384471360315],[4.6376246194513,52.384507607348],[4.6375652330966,52.384514051262],[4.6375533558256,52.384472971295],[4.6375084861354,52.384476193255]]]]}'
'c2','Kerk der Evangelische Broedergemeente',,'Building',,,'{"type":"MultiPolygon","coordinates":[[[[4.6339392855857,52.377711929224],[4.6339898435046,52.3777571953],[4.6341516288447,52.377679008413],[4.6341246646214,52.377627569596],[4.6339392855857,52.377711929224]]]]}'
'd1','De Caserne en Stalling',,'Building','0392100000037469',,
'd2','Doopsgezinde Arm Huis',,'Building',,,'{"type":"MultiPolygon","coordinates":[[[[4.634239032309,52.378218340583],[4.6342971846131,52.378268558454],[4.6343482451729,52.378240852049],[4.6344376011524,52.378304923083],[4.6345680892495,52.378235657096],[4.6345907828316,52.378255571079],[4.6346347516469,52.378231327969],[4.634657445229,52.378251241953],[4.634778004884,52.378188036667],[4.634586527785,52.378052967535],[4.6343071130553,52.378200158236],[4.6342971846131,52.378188036667],[4.634239032309,52.378218340583]]]]}'
'e1','Stalling voor het Garnisoen',,'Building',,,'{"type":"MultiPolygon","coordinates":[[[[4.638958397432,52.383677946599],[4.6391919837605,52.383710166765],[4.6392434519346,52.383632838328],[4.6390454974189,52.383580480456],[4.638958397432,52.383677946599]]]]}'
'e2','De Stads Bank van Lening',,'Building','0392100000038256',,
'f1','De Kleine Kerk der R.C.gemeente van de Statie St. Joseph',,'Building',,,'{"type":"MultiPolygon","coordinates":[[[[4.6384476747813,52.38328083113],[4.6384701096265,52.383373464875],[4.638547971736,52.383371048345],[4.6385466520392,52.383362187734],[4.6385836035488,52.383358965693],[4.6385809641553,52.383348494058],[4.6386588262648,52.383346077527],[4.6386561868713,52.383270359477],[4.6384476747813,52.38328083113]]]]}'
'f2','Het St. Elisabeths Gasthuis',,'Building','0392100000038824',,'{"type":"MultiPolygon","coordinates":[[[[4.6341991809858,52.376563741516],[4.6342927920119,52.376932595609],[4.6344431369934,52.376920473692],[4.6344544837844,52.37697415644],[4.634794887516,52.376946449223],[4.6348204177959,52.377091911917],[4.6349197022176,52.377084985133],[4.6348743150534,52.376859864059],[4.6348147444004,52.376865059174],[4.6348005609115,52.376825229946],[4.6347409902585,52.376830425065],[4.6347182966764,52.376672839526],[4.6349338857064,52.376652058973],[4.6349537425907,52.376749034802],[4.6350246600348,52.376749034802],[4.6350189866393,52.376707473759],[4.6350445169192,52.376707473759],[4.6350416802214,52.376672839526],[4.6352430857626,52.3766555224],[4.6352430857626,52.376638205266],[4.6349906196617,52.3766555224],[4.6349792728706,52.376607034409],[4.6349225389153,52.376612229554],[4.6348998453332,52.376482350761],[4.6347721939339,52.37648927764],[4.6347438269563,52.376309178444],[4.6346984397921,52.376312641897],[4.6346956030943,52.376279739082],[4.6346360324413,52.376286665992],[4.6346814196055,52.376565473232],[4.6346133388592,52.376570668382],[4.6346161755569,52.376610497839],[4.6345764617882,52.376615692983],[4.634567951695,52.376582790394],[4.6344998709486,52.376591448972],[4.6344998709486,52.376615692983],[4.6343126488963,52.376634741839],[4.6342927920119,52.376556814649],[4.6341991809858,52.376563741516]],[[4.6343580360605,52.376731717705],[4.6345083810419,52.376717864023],[4.6345424214151,52.376852937239],[4.6343864030381,52.376868522584],[4.6343580360605,52.376731717705]]],[[[4.634902682031,52.376795790929],[4.6349111921243,52.376858132354],[4.6349735994751,52.376851205534],[4.6349650893818,52.376788864098],[4.634902682031,52.376795790929]]]]}'
'g1','R.C.kerk der Statie St. Joseph',,'Building',,,'{"type":"MultiPolygon","coordinates":[[[[4.6391180807413,52.382981180787],[4.6392447716314,52.382975542167],[4.6392315746637,52.382896601406],[4.6392606079926,52.382896601406],[4.6392619276894,52.3828458537],[4.6391985822444,52.382849881298],[4.6391985822444,52.38288049103],[4.6391128019542,52.382883713105],[4.6391128019542,52.382924794551],[4.6391035640768,52.382924794551],[4.6391180807413,52.382981180787]]]]}'
'h1','Kerk der Nederd. Israelitische Gemeente',,'Building',,,'{"type":"MultiPolygon","coordinates":[[[[4.6393292322248,52.382919155924],[4.6394084140311,52.382924794551],[4.6394427261471,52.382807188742],[4.6393925776698,52.382810410823],[4.6393872988827,52.382843437141],[4.6393371504054,52.382842631621],[4.6393292322248,52.382919155924]]]]}'
'h2','Het Hofje van Heythuizen (NB op de Limiet van Heemstede)',,'Building','0392100000028283','Net niet op de kaart!',
'i1','De Walsche Kerk',,'Building','0392100000036697',,
'k1','Het Hofje van Bakenes of Bakenesse Kamer',,'Building','0392100000037396
',,
'k2','De Remonstrantsche Gereformeerde Kerk',,'Building',,,'{"type":"MultiPolygon","coordinates":[[[[4.6370227019755,52.378359999692],[4.6370316362229,52.378381815131],[4.6370763074598,52.378380724359],[4.6371370603421,52.378485438316],[4.6372264028161,52.378477802931],[4.6371710104822,52.378352364286],[4.6370352099218,52.378343638107],[4.6370405704703,52.378356727376],[4.6370227019755,52.378359999692]]]]}'
'l1','Het Hofje van Guurtje Buret',,'Building',,,'{"type":"MultiPolygon","coordinates":[[[[4.6399305018066,52.381075608424],[4.6399857452326,52.381120168246],[4.6401712053058,52.38102623127],[4.6401120159207,52.380978058384],[4.6399305018066,52.381075608424]]]]}'
'l2','De R.C.Kerk genaamd de vier Heemskinderen',,'Building',,,'{"type":"MultiPolygon","coordinates":[[[[4.6369876186986,52.378824859528],[4.6370367874547,52.378920431828],[4.6370820744669,52.378906214474],[4.637102777101,52.378907004327],[4.6371144223327,52.378921221681],[4.6371610032595,52.378906214474],[4.6371493580278,52.378891997115],[4.637204996357,52.378871460923],[4.6371791180643,52.378822489964],[4.6373162730154,52.378783787071],[4.6376306942712,52.378767200106],[4.6376410455883,52.378695323187],[4.6373434452227,52.378708750752],[4.6371157162473,52.37876641025],[4.6371234797351,52.378798794319],[4.63708854404,52.378810642143],[4.6370807805522,52.378797214609],[4.6369876186986,52.378824859528]]]]}'
'm1','Het Spoorwaters Hofje',,'Building',,,'{"type":"MultiPolygon","coordinates":[[[[4.638752633044,52.381327310615],[4.6388828496911,52.381291181202],[4.6388867956501,52.381302020029],[4.6390051744202,52.381268299225],[4.6389972825022,52.381243008606],[4.6390939584978,52.381214105022],[4.6390840936003,52.381192427323],[4.6391353910674,52.381176771199],[4.6391294721288,52.381165932342],[4.6392261481244,52.381129802797],[4.6392083913089,52.381096081861],[4.6392695536735,52.381058747938],[4.6392399589809,52.381029844234],[4.6389953095227,52.381109329375],[4.6390604178463,52.38120085754],[4.63872895729,52.381297202773],[4.638752633044,52.381327310615]]]]}'
'm2','Kantoor van Augustinus Alstinus Vermyn Blommert',,'Building','0392100000063784',,
'n1','R.C.Kerk der Statie St. Franciscus',,'Building',,,'{"type":"MultiPolygon","coordinates":[[[[4.6388867956501,52.380852808635],[4.6389084984246,52.380879303804],[4.6390268771948,52.380838356718],[4.6390347691128,52.380846787004],[4.6389183633222,52.380890142732],[4.6389992554817,52.380978058384],[4.6391531478829,52.380940724362],[4.6391965534319,52.380981671353],[4.6392932294275,52.380949154628],[4.6390860665798,52.380785366316],[4.6388867956501,52.380852808635]]]]}'
'n2','Stads Armen School L.B.',,'Building',,,'{"type":"MultiPolygon","coordinates":[[[[4.6391985668118,52.37790987568],[4.6393913600921,52.377978594398],[4.6393525426532,52.378018877735],[4.6394418227628,52.378055211693],[4.6394586436531,52.378040994061],[4.6394392349336,52.378033885243],[4.6394508801653,52.378021247342],[4.6394832280311,52.378031515637],[4.6395091063237,52.378011768913],[4.6394366471043,52.377989652572],[4.6394741706286,52.377948579339],[4.639243853824,52.377864853013],[4.6391985668118,52.37790987568]]]]}'
'o1','Teylers Museum',,'Building','0392100000063892
',,
'o2','R.C. Wees en Arm Huis genaamd St. Jacob',,'Building',,'pand bestaat deels nog steeds, bag 0392100000038904','{"type":"MultiPolygon","coordinates":[[[[4.6394547271514,52.378715563212],[4.6395013080781,52.37878191111],[4.6395233046269,52.378777171978],[4.6395478890049,52.378811925603],[4.6396294056268,52.378787440097],[4.6396953952731,52.378880642918],[4.6402246063579,52.378750316885],[4.6399218303338,52.378469127287],[4.6395310681147,52.378461228677],[4.6395504768342,52.378518888498],[4.63981184759,52.378536265415],[4.6399968773826,52.378680019653],[4.6397989084437,52.378730570483],[4.6397652666633,52.378683179082],[4.6395621220659,52.378714773355],[4.6395465950903,52.378693447223],[4.6394547271514,52.378715563212]]],[[[4.6393990888222,52.378474656313],[4.63930075131,52.378665012365],[4.6392942817369,52.378695816794],[4.6395789429561,52.378627099192],[4.639558240322,52.378537845135],[4.6394909567611,52.378539424854],[4.6394883689318,52.378525207378],[4.6395155411391,52.378525207378],[4.6395116593952,52.378473866452],[4.6393990888222,52.378474656313]]]]}'
'p1','De Stads Waag',,'Building','0392100000036356',,
'p2','Gewezen R.C.Kerk St. Bavo',,'Building',,,'{"type":"MultiPolygon","coordinates":[[[[4.6405959946154,52.377767698681],[4.640621872908,52.377777177162],[4.6406128155056,52.377791394879],[4.6407447947982,52.377842736598],[4.6407279739079,52.377864063141],[4.6408107844444,52.377898817485],[4.6409272367614,52.377806402465],[4.6408521897127,52.377768488555],[4.6408288992493,52.377782706275],[4.6406516329446,52.377706878381],[4.6405959946154,52.377767698681]]]]}'
'q1','De Groote of St. Bavo Kerk',,'Building','0392100000065734',,
'q2','R.C.Kerk der Statie van St. Dominicus of de Drie Klaveren',,'Building',,,'{"type":"MultiPolygon","coordinates":[[[[4.6398702744253,52.377601524269],[4.6400717907497,52.37767809577],[4.6400800159058,52.377661777265],[4.6400697344606,52.377656756185],[4.6400779596167,52.377639182401],[4.6402938699643,52.377735838126],[4.6403740652362,52.377670564153],[4.6401643237557,52.377568887196],[4.6401972243801,52.377532484277],[4.6400717907497,52.377483528582],[4.6400409464143,52.37751365517],[4.6400902973509,52.377534994825],[4.640012158368,52.377604034812],[4.6399093439168,52.37756135556],[4.6398702744253,52.377601524269]]]]}'
'r1','De Zee Vischmarkt',,'Building','0392100000037430',,
's1','De Vleesch-hal',,'Building','0392100000064538',,
's2','R.C.Kerk der Statie van St. Thomas van Aquine',,'Building',,,'{"type":"MultiPolygon","coordinates":[[[[4.6416213232881,52.379648319192],[4.6418475150807,52.379699782912],[4.6419318229307,52.379502714196],[4.6417405880515,52.379472588964],[4.6417508694966,52.379449995027],[4.6417179688722,52.379444974151],[4.6416213232881,52.379648319192]]]]}'
't1','Het Hofje van Cath. Janse Amen of de Groene Tuin',,'Building',,'Zie https://nl.wikipedia.org/wiki/Hofje_In_den_Groenen_Tuin - het hofje bestaat vanaf 1616, maar de huidige woningen zijn van 1885','{"type":"MultiPolygon","coordinates":[[[[4.6370325191035,52.380144317268],[4.6370521974248,52.380171944939],[4.6373454044117,52.380101073921],[4.6373296617547,52.380065037767],[4.6372706267909,52.380077049822],[4.6372627554624,52.380060232944],[4.6371191037171,52.380092665488],[4.6371112323886,52.380078251027],[4.6371407498705,52.380072245],[4.6371269750456,52.380044617266],[4.6370384225999,52.380067440178],[4.6370777792425,52.380125098008],[4.6370325191035,52.380144317268]]],[[[4.6369970981253,52.380000172615],[4.6370148086144,52.380029001583],[4.6371151680529,52.379996568992],[4.6370994253959,52.379971343628],[4.6369970981253,52.380000172615]]],[[[4.6371309107099,52.379961733961],[4.6372312701484,52.380042214854],[4.6372962086085,52.380021794343],[4.6371938813379,52.379943715831],[4.6371309107099,52.379961733961]]]]}'
't2','De Spaarnwouder of Amsterdamsche Poort','Amsterdamse Poort','Building','392100000036575',,
'u1','De Kerk der Vereenigde Doopsgezinde Gemeente',,'Building','0392100000037997',,
'u2','Het Teylers Hofje',,'Building','0392100000066805',,
'v1','Museum der Hollandsche Maatsch. van Wetenschappen',,'Building',,,'{"type":"MultiPolygon","coordinates":[[[[4.6343782148333,52.379841703684],[4.6344962847609,52.379898160599],[4.6347048749664,52.379733594498],[4.6347540707695,52.379757618784],[4.6348052344048,52.379719179919],[4.6346792931487,52.379662722776],[4.634667486156,52.379673533724],[4.6346340330098,52.379661521559],[4.6346458400026,52.379651911825],[4.6345868050388,52.379620680176],[4.6344766064396,52.379689149533],[4.6345710623817,52.379728789639],[4.6345789337102,52.379715576274],[4.6346261616813,52.379732393283],[4.6346005798636,52.379757618784],[4.6345513840605,52.37973960057],[4.6344923490967,52.379782844271],[4.6344726707754,52.379773234563],[4.6343782148333,52.379841703684]]]]}'
'v2','De Bakenesser Kerk',,'Building','0392100000065738',,
'w1','Soep Locaal en Vergaderkamer der Plaatselijke School Comm.',,'Building',,,'{"type":"MultiPolygon","coordinates":[[[[4.633430570266,52.378459903415],[4.6334758304049,52.378505550865],[4.633710002428,52.37842026217],[4.6337434555742,52.37844909217],[4.6338634933339,52.378405847163],[4.6337336164136,52.378313350757],[4.6336332569751,52.378344583331],[4.6336588387927,52.37837341338],[4.633430570266,52.378459903415]]]]}'
'w2','R.C.Kerk der Statie van St. Bernardus in den Hoek',,'Building',,'Afgebroken 1852, zie http://noord-hollandsarchief.nl/beelden/beeldbank/detail/3937a118-fb8f-11df-9e4d-523bc2e286e2/media/3cedfe99-b78a-3cd6-c24d-96d318e915bf','{"type":"MultiPolygon","coordinates":[[[[4.6405709315977,52.382069448041],[4.6405380309733,52.382139736082],[4.640854699483,52.382213789433],[4.6408608683501,52.382197472603],[4.6409122755757,52.382206258589],[4.6409061067086,52.382225085696],[4.6410418217842,52.382257719328],[4.6410130337379,52.382306669731],[4.6410500469403,52.382315455695],[4.6410973415879,52.382247678213],[4.6410603283854,52.382240147375],[4.6410664972525,52.382227595976],[4.6410068648708,52.382221320275],[4.6410109774489,52.382202493167],[4.6410335966281,52.382208768871],[4.6410438780732,52.382182410909],[4.6407087029623,52.382104592076],[4.6407004778062,52.382120908939],[4.6406634646038,52.382114633223],[4.6406737460489,52.382097061213],[4.6405709315977,52.382069448041]]]]}'
'x1','Stads Armen School L.A.',,'Building',,,'{"type":"MultiPolygon","coordinates":[[[[4.6333341464918,52.378357797106],[4.633383342295,52.378408249665],[4.6336529352964,52.378306143236],[4.6336234178144,52.378278514397],[4.6335604471864,52.378303740729],[4.6335348653687,52.378277313143],[4.6333341464918,52.378357797106]]]]}'
'x2','R.C.Kerk der Bisschoppelyke Cleresie van de gecombinieerde Station van St. Anna en Maria',,'Building','0392100000037124','Nu bedrijfsruimte, zie http://www.vriendenvandebakenes.nl/geschiedenis/schuilkerk','{"type":"MultiPolygon","coordinates":[[[[4.6403745559959,52.382999558197],[4.6403334302154,52.383072982547],[4.6405462561294,52.383115028915],[4.6405873819099,52.383042232193],[4.6403745559959,52.382999558197]]]]}'
'y1','Het Doopsgezinde Weeshuis',,'Building','0392100000064199',,'{"type":"MultiPolygon","coordinates":[[[[4.6321905253651,52.377324215589],[4.6322062680221,52.377362656538],[4.6322613673216,52.377354247583],[4.6322751421465,52.377379474443],[4.6323381127746,52.377366260376],[4.6323302414461,52.377347039906],[4.6323499197674,52.377344637347],[4.6323656624244,52.377383078279],[4.6324660218628,52.377365059096],[4.6324935715126,52.377421519177],[4.6326293519294,52.377399896176],[4.6325978666153,52.377327819429],[4.6326726442362,52.377315806626],[4.6327100330466,52.377386682115],[4.6328812344416,52.377357851421],[4.6328281029742,52.377247333589],[4.6325801561262,52.377274963073],[4.6325722847977,52.377261748974],[4.6324010834027,52.377286975887],[4.6321905253651,52.377324215589]]]]}'
'y2','Friessche of Vrouwen Hek',,,,,'{ "type": "Point", "coordinates": [ 4.646966589229945, 52.386265830101443 ] }'
'z1','Het Vrouwen en Anthonies Gasthuis',,'Building','0392100000064192
','Het complex beslaat meerdere BAG panden','{"type":"MultiPolygon","coordinates":[[[[4.6320114526415,52.377145224476],[4.6320370344592,52.377194477136],[4.6321039407515,52.377178860445],[4.6321157477443,52.377201684838],[4.6320744232696,52.377208892539],[4.6320626162768,52.377204087405],[4.6320547449483,52.377205288689],[4.6320724554375,52.377241327177],[4.6321413295619,52.377231716916],[4.6321590400511,52.377268956665],[4.6323833729135,52.377242528459],[4.6323932120741,52.377266554101],[4.6323735337529,52.377270157946],[4.6323715659207,52.37729057973],[4.6324306008846,52.37728096948],[4.6324286330524,52.37727256051],[4.6325860596226,52.377249736153],[4.6325939309511,52.377266554101],[4.6327001938859,52.377252138718],[4.632686419061,52.377225710502],[4.6326313197615,52.377235320764],[4.632623448433,52.377214898955],[4.632591963119,52.377222106654],[4.6325762204619,52.377189672001],[4.6322436568325,52.377222106654],[4.6322141393506,52.377164445033],[4.6325230889945,52.377113991053],[4.6325545743085,52.377070744739],[4.6320114526415,52.377145224476]]]]}'
